Id,AccessFailedCount,Age,Amazon Prime,Apple Tv,City,ConcurrencyStamp,Disney,Email,EmailConfirmed,Gender,Hulu,LockoutEnabled,LockoutEnd,Max,Name,Netflix,NormalizedEmail,NormalizedUserName,Paramount,PasswordHash,Peacock,PhoneNumber,PhoneNumberConfirmed,SecurityStamp,State,TwoFactorEnabled,UserName,Zip
1,,18,0,1,New John,,0,esmith@hotmail.com,,Male,1,,,0,Stephen Peters,0,,,1,,0,890.309.2971,,,CT,,,53771
2,,51,0,1,Lake Robert,,1,callahanmichael@gmail.com,,Female,0,,,0,Vicki Thomas,0,,,0,,1,399.837.0996,,,TN,,,71689
3,,30,0,0,East Tinaside,,0,acline@shelton.biz,,Female,0,,,0,Jesse Bright,0,,,1,,1,(268)691-6431,,,ME,,,40660
4,,22,1,1,Bowenchester,,1,deborah33@yahoo.com,,Male,0,,,1,Mark Hernandez,0,,,0,,1,+1-473-252-5923x513,,,VA,,,17039
5,,40,0,1,North Thomasland,,1,amycastillo@larsen.com,,Female,0,,,1,Cynthia Armstrong,1,,,1,,0,001-015-883-2813x8196,,,GA,,,77006
6,,43,0,0,Greenburgh,,0,uallen@gordon-holt.net,,Male,1,,,1,Gail Boyd,1,,,0,,0,341-683-4815,,,VA,,,36639
7,,57,1,0,Glennmouth,,0,tommyroberson@walsh.com,,Female,0,,,0,Christopher Harding,0,,,0,,0,+1-762-561-5952x26414,,,PA,,,3818
8,,51,0,1,Port Samanthaberg,,0,katherinelopez@gmail.com,,Female,0,,,0,Angel Gordon,0,,,0,,0,-8211,,,IA,,,79131
9,,39,0,1,South Robertshire,,1,woodmeagan@rodgers-miller.com,,Male,0,,,0,Richard Woods,1,,,1,,1,421.701.8602x1890,,,OH,,,89291
10,,40,1,0,Lyonsberg,,0,courtneydaniels@thomas.net,,Female,1,,,0,Angela Harvey,0,,,1,,1,693.417.6669,,,CA,,,34922
11,,23,1,0,DPO,,1,jessica91@yahoo.com,,Male,0,,,1,Jennifer Sullivan,0,,,0,,1,8130761608,,,AP,,,96127
12,,57,1,1,West Sarabury,,0,lisa06@blackwell.net,,Male,1,,,1,Neil Harrison,0,,,1,,1,022.874.1479x5356,,,NC,,,46583
13,,24,0,1,Brownchester,,1,taylordixon@yahoo.com,,Male,0,,,0,Jocelyn Alexander,1,,,0,,1,-10625,,,OR,,,45588
14,,47,1,0,Port Charles,,1,nicholsonkristen@macdonald-serrano.com,,Female,1,,,0,Dr. Lisa Black,1,,,0,,0,001-134-611-7500x325,,,NE,,,63363
15,,61,1,0,Smithside,,0,bryanjennifer@hotmail.com,,Male,0,,,0,Jennifer Clark,0,,,1,,1,161.769.6572,,,NE,,,41644
16,,31,1,1,Crystalton,,1,adamsrobert@hill.com,,Male,1,,,0,Ralph Turner,0,,,1,,0,309-353-1104,,,NJ,,,43602
17,,52,1,0,North Laura,,0,heidiflores@bautista-pearson.com,,Female,1,,,1,Sandra Marsh,0,,,1,,0,(082)996-2313,,,MT,,,91639
18,,21,0,0,South Tina,,0,zhansen@rodriguez.com,,Female,1,,,0,Trevor Sweeney,1,,,0,,1,4345687046,,,GA,,,74619
19,,56,1,1,Edwardstown,,0,aray@galvan.biz,,Female,1,,,1,Matthew Werner,1,,,0,,1,304-703-9004,,,LA,,,48154
20,,52,0,1,East Patrickland,,1,paullynn@yahoo.com,,Male,0,,,0,Jason Chen,1,,,0,,0,+1-860-756-3058x162,,,ID,,,55157
21,,45,1,1,Pittsberg,,1,briancamacho@hotmail.com,,Male,0,,,0,Holly Rojas,1,,,0,,1,8461330274,,,WI,,,37067
22,,40,0,1,Kimberlytown,,1,williamsbrittany@gmail.com,,Male,1,,,0,Jay Sanchez,1,,,0,,0,-9385,,,NV,,,42830
23,,41,0,1,South Natashaville,,0,pharris@little.com,,Male,0,,,0,James Shaw,0,,,1,,0,427-302-4500x212,,,MI,,,93198
24,,30,0,1,Lake Adam,,0,zbooker@smith.biz,,Male,0,,,1,Johnny Kemp,0,,,0,,1,3163267623,,,VA,,,90262
25,,49,1,0,South Angela,,0,kgordon@mcclain-harris.com,,Female,0,,,0,Rachel Bowen,0,,,0,,1,(375)309-3552,,,OK,,,10157
26,,32,1,0,Stevenmouth,,1,carlolsen@hess-park.info,,Male,0,,,0,Juan Powers,1,,,1,,0,3484158530,,,DE,,,78369
27,,49,1,1,Singletonstad,,0,jennysimmons@hotmail.com,,Female,1,,,0,Crystal Chase,1,,,0,,0,+1-746-098-1812x9568,,,FL,,,7825
28,,55,0,0,Blakestad,,1,holmeskristina@price.net,,Male,1,,,0,Jonathan Campbell,1,,,0,,0,(156)311-5028x89511,,,MT,,,37481
29,,57,1,0,Aguilarborough,,1,hernandezkent@hotmail.com,,Female,1,,,0,Sabrina Tyler,1,,,1,,0,+1-496-753-4434x68944,,,GA,,,98346
30,,50,1,1,Pageville,,0,crystal25@yahoo.com,,Female,1,,,0,Michele Riley,0,,,1,,1,+1-576-159-5326x518,,,ME,,,72063
31,,24,0,1,Randyview,,0,dawn55@hotmail.com,,Female,1,,,1,Rebecca Henderson,0,,,1,,0,001-394-133-6450x0292,,,FL,,,53940
32,,49,1,0,Aliciaport,,1,williamstheresa@hotmail.com,,Male,0,,,0,Justin Jackson,0,,,0,,1,099.028.0903,,,HI,,,27410
33,,18,0,1,Lake Jeffery,,1,cmorgan@edwards.info,,Female,1,,,1,Jacqueline Peterson,0,,,0,,1,-1523,,,LA,,,67930
34,,27,1,0,Shannonborough,,0,john72@middleton.info,,Male,1,,,0,Heather Hernandez,1,,,0,,1,600-230-2460x8678,,,ME,,,16268
35,,22,0,1,East Sarah,,0,porterlaurie@garcia.com,,Female,1,,,0,Bradley Cantu,1,,,0,,1,(559)211-0935x9407,,,CA,,,63987
36,,58,1,0,West Larry,,1,hbrooks@walton-bernard.net,,Female,1,,,0,Jimmy Rodriguez,0,,,0,,0,208-900-5066,,,ND,,,83085
37,,55,1,0,DPO,,1,fesparza@miller.com,,Male,1,,,1,Victoria Sullivan,1,,,1,,0,001-932-777-1673x940,,,AP,,,77070
38,,43,0,1,Abbottmouth,,0,nmcmillan@wallace-waters.com,,Male,0,,,1,Austin Henry,1,,,0,,1,+1-195-654-8307x05910,,,WY,,,61906
39,,18,1,1,New Markville,,1,larsonamanda@johnson-diaz.net,,Male,0,,,0,Crystal Novak,1,,,0,,1,(757)866-9895,,,NE,,,36253
40,,30,0,1,APO,,0,abbottjeanne@edwards.info,,Male,0,,,0,Sarah James,0,,,0,,1,701.907.3080x87659,,,AP,,,20013
41,,30,0,1,DPO,,0,farmerjasmine@robinson.com,,Female,1,,,1,Dorothy Miles,1,,,0,,1,(413)967-1530x1560,,,AA,,,69251
42,,26,0,0,Bridgeston,,0,williamspaula@zavala.com,,Male,1,,,0,Phillip Parker,1,,,1,,1,+1-552-270-9102x33505,,,CO,,,58974
43,,45,0,0,Lorifort,,1,timothy22@little-johnson.com,,Male,1,,,0,Ryan Morales,1,,,1,,0,277-913-5585x530,,,AK,,,11184
44,,27,0,1,Lindsaystad,,1,fburton@meza.biz,,Female,1,,,0,Patrick Wall,0,,,1,,1,1109207273,,,IN,,,8974
45,,41,0,0,West Michael,,1,rgonzalez@jones.info,,Female,0,,,1,Terry Nolan,1,,,0,,1,(331)045-3855x4006,,,MN,,,47303
46,,35,1,1,Port Maria,,0,robertsmith@yahoo.com,,Male,1,,,1,Kayla Golden,0,,,0,,1,(277)004-6111x42699,,,MS,,,63614
47,,59,0,0,South Brittany,,1,eschmidt@harding.info,,Female,1,,,1,Bryce Howard,0,,,0,,1,+1-412-750-4150x725,,,LA,,,92439
48,,59,1,1,Johnsonville,,1,bmitchell@yahoo.com,,Female,0,,,0,Katherine Campbell,1,,,0,,1,501.484.6105x4167,,,DE,,,49637
49,,28,1,1,New Michael,,0,jeffreyramirez@yahoo.com,,Other,0,,,0,Jennifer Hernandez,0,,,1,,1,001-056-388-4312x1544,,,AR,,,92045
50,,21,1,1,West Lindamouth,,0,piercevalerie@gmail.com,,Female,1,,,0,Jennifer Williams,0,,,1,,0,+1-811-834-2746x3907,,,OK,,,14447
51,,65,0,0,Piercemouth,,1,wheelergina@yahoo.com,,Male,1,,,1,Christina Washington,1,,,1,,1,(441)620-6474,,,WI,,,50073
52,,41,1,0,DPO,,0,daryl26@hodges.com,,Other,0,,,1,Christina Morrison,0,,,1,,0,001-694-305-8431x719,,,AE,,,76849
53,,23,1,1,West Donna,,0,patrick59@gmail.com,,Male,0,,,1,Amber Warren,1,,,1,,1,995-159-3747x818,,,AL,,,44073
54,,32,1,1,Sextonborough,,1,robinsondebra@kelley-palmer.org,,Male,0,,,1,Melissa Walters,1,,,0,,1,+1-122-880-9240x542,,,CO,,,19018
55,,49,1,0,North Danielside,,0,robertrodriguez@ferguson.com,,Female,0,,,1,Nancy Collins,0,,,0,,0,001-340-909-4645x9750,,,OR,,,44776
56,,54,0,0,Zacharyshire,,0,pamela53@mosley.com,,Female,0,,,0,Timothy Smith,0,,,0,,0,070.922.2354x0300,,,ME,,,51830
57,,57,1,0,Brownmouth,,0,debbiesloan@hotmail.com,,Male,0,,,0,Danny Holmes,1,,,0,,1,001-519-361-2088,,,KY,,,65444
58,,37,1,1,West Clintonton,,1,bradyberg@hotmail.com,,Female,0,,,1,Michelle Jones,0,,,1,,1,694.928.5431x795,,,SD,,,3427
59,,52,0,1,FPO,,0,wstevens@gmail.com,,Female,0,,,0,Tiffany Zamora,0,,,1,,0,+1-357-187-0445x165,,,AP,,,70970
60,,31,1,1,North Kimberly,,0,lshaffer@ward-woods.com,,Male,0,,,1,Christopher Martin,0,,,0,,0,783.158.0517,,,ME,,,32396
61,,51,0,1,Aguilarmouth,,1,jharris@ortega.com,,Male,1,,,0,Joshua Franklin,1,,,0,,1,777-350-1104,,,VA,,,17884
62,,38,1,0,South Christinebury,,1,rfrost@yahoo.com,,Female,1,,,0,Rachel Washington MD,1,,,1,,0,(131)048-3942x887,,,TN,,,91352
63,,60,1,1,Kellyhaven,,0,robinprice@gmail.com,,Female,1,,,1,Laura Smith,1,,,1,,0,001-334-135-2138x0388,,,WA,,,47745
64,,58,1,0,FPO,,0,christopherharding@hotmail.com,,Female,0,,,0,Terry Johnston,0,,,0,,1,001-096-245-4342,,,AE,,,55531
65,,60,1,0,Christopherport,,0,obrienjoshua@gmail.com,,Male,1,,,1,Kyle Thompson,0,,,1,,0,+1-074-407-0504x0152,,,TN,,,7559
66,,52,0,1,Kennethshire,,0,ccosta@le.com,,Male,0,,,0,Pedro Cruz,1,,,1,,1,+1-181-179-9463x4061,,,DE,,,55997
67,,52,1,1,North Caitlyn,,0,cjames@richardson-ayers.com,,Female,1,,,1,Tristan Meyer,1,,,0,,1,-9532,,,UT,,,97976
68,,29,1,0,APO,,0,russellfranklin@yahoo.com,,Female,1,,,1,Scott Johnson,1,,,1,,0,9843941379,,,AE,,,47465
69,,18,1,1,Dominiquebury,,0,colinadams@hotmail.com,,Female,0,,,1,Parker Savage,0,,,1,,0,+1-757-202-0863x79304,,,AZ,,,1463
70,,36,1,1,Kathymouth,,0,thomaslawrence@hotmail.com,,Male,0,,,1,Nicholas Pena,1,,,0,,1,376.936.6741x728,,,NJ,,,53816
71,,20,0,0,Kevinhaven,,1,peter59@yahoo.com,,Male,1,,,1,Samantha Cortez,1,,,0,,1,(222)029-2746x5220,,,OK,,,20175
72,,33,0,1,Lesliechester,,1,jimmyboyd@wilson.com,,Female,1,,,0,Jeffery Ramirez,1,,,1,,0,400-233-3016,,,RI,,,73756
73,,38,1,1,South Jesse,,1,jonathanosborn@hotmail.com,,Male,0,,,1,Kevin Todd,0,,,0,,0,293.362.2642x545,,,ME,,,31739
74,,62,0,1,Lopezstad,,1,apowers@gmail.com,,Female,0,,,1,Jessica Barnett,0,,,1,,0,737-618-4756x8704,,,CO,,,30331
75,,53,1,0,Lake Nicole,,1,melvin08@roberts.com,,Male,0,,,0,Patrick Bridges,0,,,1,,1,(317)558-9188x78181,,,IA,,,89942
76,,51,1,0,Toddbury,,0,zhendrix@novak.biz,,Female,0,,,1,Robert Foster,0,,,1,,1,375.166.6295,,,NC,,,83856
77,,30,0,0,FPO,,0,dunlaplaura@hotmail.com,,Female,0,,,1,Robert Boyle,1,,,1,,0,001-806-066-7028x3566,,,AA,,,82820
78,,45,0,1,Robertmouth,,1,michaelking@bryant.com,,Male,0,,,0,Stephanie Johnson,1,,,0,,0,(488)889-6527,,,SD,,,51935
79,,40,1,1,North Alecmouth,,0,davidlambert@russell.com,,Female,1,,,1,Leslie Ingram,0,,,1,,0,528.066.4067x4322,,,IA,,,51088
80,,58,0,0,Garrettborough,,0,fpearson@gonzalez.org,,Female,0,,,1,Stephen Alvarez,1,,,0,,1,001-475-213-0831x432,,,NJ,,,90547
81,,48,1,1,South Curtis,,0,campbellmelissa@lopez-moore.info,,Male,1,,,1,Lisa Fox,1,,,0,,1,+1-799-625-5768x9750,,,IL,,,79074
82,,44,1,0,Port Edwin,,0,mirandamatthew@hotmail.com,,Female,1,,,1,Richard Smith,0,,,0,,1,895.761.2051,,,WI,,,80652
83,,25,0,1,Port Sabrina,,1,cscott@cantrell.com,,Female,1,,,0,Randall Barnes,1,,,0,,0,848.678.0387x2136,,,SD,,,7352
84,,43,0,0,New Jerometon,,1,patricia26@hotmail.com,,Male,1,,,0,Mark Davidson,0,,,1,,0,-1549,,,SD,,,60822
85,,65,0,1,Carolton,,0,ymartin@pearson.com,,Female,1,,,1,Emily Davis,1,,,1,,0,+1-761-703-1570x68207,,,NE,,,84737
86,,27,1,0,FPO,,1,rhubbard@morgan.com,,Female,1,,,1,Kelli King,1,,,0,,0,543.089.5303,,,AE,,,11053
87,,57,0,0,Donaldside,,1,brittany24@jordan.com,,Male,1,,,0,Jennifer Chapman,0,,,0,,1,+1-567-566-4915x085,,,NV,,,60316
88,,53,0,1,East Robertton,,1,mayerjohn@yahoo.com,,Male,1,,,0,Mr. Andrew Shannon,0,,,1,,0,593-458-3731,,,DE,,,79989
89,,23,0,1,Justinstad,,1,garciagilbert@ryan-nichols.com,,Male,0,,,0,Jacob Wagner,1,,,0,,1,+1-459-601-3548x755,,,MS,,,91982
90,,50,1,0,Danielletown,,1,xmartin@calderon.net,,Female,0,,,0,Joshua Clarke,1,,,0,,1,(856)101-2715x89818,,,CO,,,60590
91,,31,0,1,Lake Jenniferville,,1,tammyortega@hotmail.com,,Male,0,,,0,Dustin Ramirez,0,,,1,,0,(544)501-4701x1663,,,VA,,,44369
92,,32,0,0,Kendramouth,,0,fullermatthew@yahoo.com,,Female,0,,,0,Susan Watson,0,,,0,,1,804-564-0239x1500,,,MN,,,8474
93,,63,1,0,Johnville,,0,josephpeterson@fleming-smith.org,,Male,1,,,1,Stephanie Rodriguez,0,,,0,,1,005-955-3981x445,,,VA,,,84599
94,,38,1,0,Lake Michelestad,,1,ykeller@villarreal-franklin.com,,Male,1,,,0,Mathew Smith,0,,,0,,1,565.251.4071x48423,,,WV,,,63563
95,,56,0,0,New Todd,,0,jbennett@brown.net,,Male,1,,,0,Matthew Dominguez,1,,,0,,1,(120)170-9280x539,,,CT,,,46906
96,,38,0,0,Lake Rebeccaville,,0,robertsdustin@hotmail.com,,Male,0,,,0,Nicole Shaffer,0,,,0,,0,389-591-7586,,,WY,,,35840
97,,63,1,1,Scottborough,,1,john39@gmail.com,,Female,1,,,1,Bridget Taylor,1,,,0,,1,(468)107-1268x64175,,,NY,,,4101
98,,31,0,0,Juanshire,,0,tonyscott@hotmail.com,,Male,0,,,0,Kimberly Love,0,,,1,,1,(073)666-2891x923,,,DC,,,94071
99,,58,1,0,Blankenshipberg,,0,timothykelly@gmail.com,,Male,1,,,0,Andrew Simpson,1,,,0,,0,001-086-062-0566x3901,,,ME,,,63571
100,,46,1,1,Johnsonville,,1,ralph28@turner.com,,Male,1,,,0,Cassandra Chang,1,,,0,,1,129-611-1978x62801,,,AR,,,44012
101,,45,0,0,Lake Jonathan,,0,dgomez@allen.org,,Female,0,,,0,Duane Jimenez,1,,,1,,0,001-442-142-5412x859,,,NH,,,12594
102,,46,0,0,Johnnyberg,,1,scottann@gmail.com,,Male,1,,,0,Michelle Mccarthy,0,,,0,,0,589-877-2333x5911,,,SD,,,47830
103,,40,1,0,Port Tommyborough,,1,miranda15@thomas-parker.com,,Male,1,,,1,Steven Huff,0,,,1,,1,(113)139-5534,,,DC,,,62296
104,,65,1,0,APO,,1,burnsstacy@yahoo.com,,Female,1,,,1,Curtis Little,1,,,0,,1,(611)007-0505x99087,,,AE,,,74386
105,,51,1,1,FPO,,0,kylestone@martin.com,,Male,0,,,0,Mark Hernandez,1,,,1,,0,297.412.7057,,,AE,,,27745
106,,22,1,0,East Joshuaside,,1,joshuacarlson@simon.com,,Female,0,,,0,Elizabeth Horton,1,,,0,,0,(723)448-1066,,,MA,,,36815
107,,53,0,1,Melissastad,,1,bharmon@moss-rose.info,,Male,0,,,1,Doris Perez,1,,,1,,1,001-771-521-9464x9249,,,AK,,,46260
108,,65,1,1,North Jeremyshire,,0,aaronvega@yahoo.com,,Other,0,,,1,Kurt Gray,0,,,1,,0,+1-766-035-9844x63090,,,NV,,,59438
109,,33,0,1,Karenmouth,,0,tamihoward@hunter.com,,Male,1,,,1,Ronald Pierce,0,,,1,,1,172-039-1004x90472,,,MD,,,9777
110,,38,1,1,Port Michael,,1,jade39@hotmail.com,,Female,1,,,0,Emma Mason,1,,,0,,0,561.191.7224,,,WY,,,8387
111,,60,0,1,Lake Michelle,,0,jacksonbrent@hotmail.com,,Female,0,,,1,Heather Roberts,0,,,0,,1,945.710.6128x6073,,,CO,,,2507
112,,54,0,1,APO,,1,andrewwells@palmer.biz,,Female,1,,,0,Tammy Bartlett,1,,,0,,1,3782134295,,,AE,,,36105
113,,19,1,1,Port Heather,,0,nichole93@gmail.com,,Male,0,,,1,Aimee Dixon,0,,,1,,0,538-251-7286x26629,,,DE,,,18731
114,,42,0,0,South Davidport,,0,salazarjennifer@hotmail.com,,Other,1,,,0,Sheila Parks,1,,,0,,0,+1-096-583-4407x6145,,,NY,,,4149
115,,33,1,1,Thompsonstad,,1,craig09@gmail.com,,Male,1,,,0,Krista Scott,0,,,1,,1,937-387-0320x929,,,TN,,,91826
116,,42,0,1,Jonesland,,1,jerry64@hotmail.com,,Female,0,,,0,Jonathan Cook,0,,,0,,1,(219)740-0787x25270,,,ME,,,87573
117,,57,1,1,Richardborough,,0,robert32@chase-tran.com,,Male,0,,,1,Jorge Singleton,0,,,0,,1,013.635.2839,,,MS,,,61592
118,,19,0,1,Kevinside,,1,christophershaw@gmail.com,,Male,0,,,1,Andrea Smith PhD,0,,,0,,1,298-100-5390,,,WY,,,24428
119,,37,0,0,Maureenborough,,1,kevinmaddox@sellers.com,,Male,0,,,0,Kimberly Mccullough,0,,,1,,1,511.268.9665x0424,,,ID,,,71184
120,,23,1,1,South Briana,,1,jasonburke@hotmail.com,,Female,0,,,1,Diana Garcia,0,,,0,,0,001-289-508-2792x6581,,,CT,,,4015
121,,22,1,1,Cookville,,0,nathan56@yahoo.com,,Male,1,,,1,Derek Miranda,0,,,0,,1,5670713616,,,MN,,,34048
122,,40,1,0,West Rachel,,1,stanleyanita@smith.net,,Male,1,,,1,Robert Pearson,1,,,1,,1,001-391-776-0042x3865,,,MS,,,86809
123,,36,0,1,Vincentland,,0,fullerandrew@yahoo.com,,Female,1,,,1,Michelle Tran,1,,,0,,0,(460)327-2767x298,,,CO,,,61500
124,,31,0,0,East Kelsey,,1,nross@olson.info,,Female,1,,,0,David Cunningham,1,,,0,,1,+1-803-512-1553x3077,,,DC,,,21392
125,,44,0,0,Gomezland,,0,samanthadavis@yahoo.com,,Female,1,,,0,Ethan Jones,0,,,0,,0,284-789-6244,,,WY,,,64188
126,,19,0,1,New Jamesshire,,0,catherinelittle@harvey-rhodes.com,,Male,1,,,1,Karen Marsh MD,0,,,0,,1,(031)705-5759x6770,,,ME,,,38049
127,,54,0,1,New Joshua,,0,mmorris@hotmail.com,,Female,1,,,1,Christopher Mccall,0,,,1,,1,4769544634,,,ID,,,32542
128,,25,1,1,Jeffreyville,,0,bmartinez@rodriguez.com,,Female,0,,,1,Michael Robbins,1,,,1,,0,(641)535-1592x93108,,,MA,,,16879
129,,63,0,0,West Sherryton,,0,fergusonrichard@malone-allen.com,,Female,1,,,1,Kelli Fowler,0,,,0,,0,(033)941-5216,,,WI,,,15546
130,,18,0,1,DPO,,0,jeanettepetersen@hotmail.com,,Female,1,,,1,Michael Rosales,0,,,1,,0,-4262,,,AA,,,12626
131,,61,0,0,Charleston,,0,heatherbruce@gmail.com,,Female,1,,,0,Brandy Lewis,0,,,0,,1,776-275-1483x663,,,WY,,,91234
132,,52,0,0,East Williamland,,1,tiffany26@mcfarland.com,,Male,0,,,0,Jennifer Cox,1,,,1,,1,483.602.9413x0631,,,NH,,,67194
133,,63,1,0,South Amanda,,0,perezcassandra@zhang.com,,Female,0,,,1,Jenny Nelson,0,,,0,,1,040.255.9044,,,MA,,,17728
134,,55,0,0,North Jay,,0,eric36@yahoo.com,,Male,0,,,0,David Jenkins,1,,,1,,0,(142)626-6486x6126,,,MS,,,93902
135,,62,1,1,Willieland,,1,morgan72@gmail.com,,Male,1,,,0,Stephanie Blanchard,0,,,1,,0,-1275,,,AL,,,77476
136,,33,1,1,Smithville,,0,crystal40@gates-kelley.org,,Female,0,,,0,Isaiah Griffin,0,,,1,,0,429-863-5283x38620,,,IN,,,55433
137,,64,0,1,Lake Courtneyton,,1,johnsonkatherine@scott.org,,Male,1,,,0,Andrew Ware,0,,,1,,1,922-530-1739,,,IL,,,92196
138,,47,1,0,Lake Philipville,,1,brownkristina@bernard.com,,Female,1,,,1,Diana Johnson,1,,,1,,0,(838)905-4664,,,MA,,,37287
139,,20,0,1,Webbport,,1,collinsdanielle@chapman-colon.com,,Female,0,,,1,Bethany Rhodes,1,,,0,,0,499.347.2420x972,,,TX,,,66587
140,,22,0,0,Port Matthew,,1,perkinscassandra@hotmail.com,,Male,0,,,1,Chad Bailey,1,,,1,,1,436.025.0785x0267,,,IL,,,27140
141,,61,0,1,New Robertchester,,1,gina04@reynolds.biz,,Male,1,,,0,Timothy Baldwin,1,,,1,,0,001-844-567-7373,,,MS,,,36036
142,,48,0,0,Mckinneyview,,0,brucealan@ross-jones.info,,Male,0,,,0,Spencer Gardner,0,,,1,,1,(894)929-1140x332,,,HI,,,44058
143,,24,0,1,Lake James,,1,lwalker@hotmail.com,,Female,0,,,1,Robert Luna,0,,,0,,1,349.686.7889x2151,,,WI,,,94163
144,,39,1,1,Lake Tonya,,0,jfoster@hotmail.com,,Male,1,,,0,Amy Hudson,0,,,1,,0,702-248-2269x62694,,,MA,,,53242
145,,54,1,1,West Kathleen,,1,stephaniemitchell@hotmail.com,,Female,0,,,1,Amanda Fisher,0,,,1,,0,477-713-0473x663,,,MD,,,40160
146,,60,0,0,Lake Mary,,0,swilliams@castro-mann.org,,Female,1,,,1,Annette Davis,0,,,0,,1,939-790-6464,,,MI,,,75063
147,,57,1,0,APO,,1,peter68@robertson.com,,Female,1,,,1,Julie Bass,1,,,1,,0,431.675.6882x5846,,,AE,,,57511
148,,45,1,0,Heatherchester,,0,epineda@thomas.com,,Male,0,,,1,Anne Villa,1,,,0,,0,+1-319-693-1237x8517,,,NM,,,2566
149,,30,1,1,West Christopherfurt,,1,bowmanpeter@hotmail.com,,Female,0,,,1,Dorothy Perez,1,,,0,,1,701.460.1780x902,,,DC,,,36599
150,,35,0,1,Port Peter,,1,lisa13@hotmail.com,,Male,0,,,0,Kyle Richardson,0,,,1,,0,001-189-062-7463x048,,,DC,,,20529
151,,42,0,1,Jamesberg,,1,samantha41@hotmail.com,,Female,1,,,0,Mrs. Angela Garcia,0,,,1,,1,723-852-0449x6386,,,MD,,,59364
152,,36,0,0,Michaelton,,1,fshaw@curtis-miller.org,,Female,0,,,0,Jessica Barton,1,,,1,,1,(662)917-6631,,,ID,,,79830
153,,46,0,1,New Randyberg,,1,peter52@rodriguez-moore.com,,Male,1,,,1,Carlos Johnson,1,,,1,,1,-1806,,,NE,,,54387
154,,45,1,0,Angelamouth,,0,michael10@hotmail.com,,Female,0,,,0,Jeffery Wells,1,,,0,,1,(577)875-8191,,,MA,,,53030
155,,43,1,1,South Cindyberg,,0,marcus57@jones-stark.com,,Female,0,,,1,Robert Taylor,1,,,1,,0,(407)604-5968x860,,,NY,,,30884
156,,64,1,1,Christineburgh,,1,samuel41@yahoo.com,,Male,0,,,0,Christina Costa,1,,,0,,1,9593123714,,,SC,,,65027
157,,30,1,0,North Saraburgh,,1,christopherwalter@harper.com,,Male,1,,,1,Jerry Benson,0,,,1,,0,(176)469-3706,,,IA,,,78874
158,,65,0,1,North Lindseyside,,0,moralesbrandon@blanchard.com,,Female,1,,,1,Jennifer Thomas,0,,,1,,1,-10115,,,LA,,,59909
159,,49,0,0,Lauraborough,,1,jcastro@yahoo.com,,Female,1,,,1,Phillip Harris,0,,,0,,1,(753)552-1299x18460,,,DC,,,64722
160,,33,1,0,Thomasmouth,,0,courtneygraham@hotmail.com,,Female,0,,,0,Lisa Wallace,0,,,0,,0,001-292-391-2034x1193,,,MI,,,59011
161,,42,0,0,Tapiaburgh,,1,kjacobs@smith-sanders.org,,Female,1,,,1,Cory Martinez,1,,,0,,1,806.993.6367,,,ND,,,1519
162,,63,1,0,New Maria,,0,zavalalindsey@yahoo.com,,Female,0,,,1,Debbie Rodriguez,1,,,1,,1,746-209-6516x248,,,WY,,,98463
163,,49,0,1,FPO,,1,greyes@yahoo.com,,Female,0,,,0,Paula Ashley,0,,,0,,1,2822507526,,,AP,,,956
164,,25,1,0,APO,,0,ysmith@gmail.com,,Female,0,,,0,Susan Kennedy,0,,,1,,0,+1-141-361-2538x42129,,,AE,,,22768
165,,35,1,1,West Jameston,,0,harrisryan@yahoo.com,,Male,0,,,1,Joseph Morrison,0,,,0,,1,(439)778-5095x1981,,,UT,,,38694
166,,55,0,1,Matthewville,,0,bonnie84@yahoo.com,,Male,1,,,1,David Coleman,1,,,0,,1,001-636-217-8642x862,,,NC,,,62867
167,,49,0,1,Millerville,,0,wilsonrebecca@brown.net,,Female,0,,,0,Deborah Gates,1,,,0,,1,634-444-7314x6086,,,TN,,,64600
168,,29,1,1,East Kaylachester,,0,mendozalance@gmail.com,,Male,1,,,1,Tina Thompson,0,,,1,,1,230.908.4138,,,IN,,,70531
169,,37,1,0,Lake Amanda,,1,david57@yahoo.com,,Female,0,,,0,Amy Roberts,0,,,0,,1,563-300-5961,,,OK,,,44100
170,,52,1,0,New Davidton,,0,nacosta@owens-trevino.com,,Female,0,,,0,Christopher Jones,1,,,0,,1,559-288-1667x239,,,DE,,,25869
171,,47,1,0,Rachelville,,1,valenciamary@hotmail.com,,Male,0,,,0,Susan Fritz,0,,,0,,1,(097)449-2952,,,LA,,,86812
172,,45,0,0,FPO,,1,rcruz@gmail.com,,Female,1,,,1,Ashley Wilson,1,,,1,,0,001-881-445-1709x18696,,,AE,,,9622
173,,30,0,1,Allenmouth,,0,brandon49@stokes.com,,Male,0,,,0,Tracy Lynch,1,,,0,,0,167.240.4989x33110,,,OR,,,98369
174,,25,0,0,Reynoldstown,,1,wcooper@montgomery.com,,Female,1,,,0,Dr. Kenneth Parker,1,,,1,,1,001-078-211-3886x64413,,,KS,,,40204
175,,28,1,0,New Eugene,,0,shannonthomas@hotmail.com,,Male,0,,,0,Cory Hughes,0,,,0,,1,(903)188-7719x2740,,,WV,,,72727
176,,28,0,0,South Brittanyfort,,1,marvinweber@miller-thomas.net,,Female,0,,,1,Virginia Chapman,0,,,0,,0,346-257-3400x2259,,,IN,,,55751
177,,22,0,0,Sandersburgh,,0,leedonna@payne-smith.com,,Male,0,,,0,Natasha Dennis,1,,,1,,0,0592842948,,,LA,,,75489
178,,31,0,0,South Casey,,0,vsloan@garner-graham.com,,Female,0,,,1,Robert Levy,1,,,0,,0,001-370-901-6484x839,,,AK,,,69371
179,,38,1,1,Lake Elizabethmouth,,0,roblessean@schmidt-jimenez.net,,Female,0,,,1,Maria Ramos,0,,,0,,1,122.742.6977,,,SC,,,5147
180,,28,0,1,Jeffreyfurt,,0,haroldcarpenter@miller-rasmussen.com,,Male,0,,,0,Justin Caldwell,0,,,0,,0,(388)587-0284x489,,,CO,,,51803
181,,30,1,1,Lake Patricia,,1,dawsonrita@nelson-may.com,,Male,0,,,0,Justin Leonard,0,,,0,,1,(084)690-4960x563,,,WI,,,29259
182,,25,1,0,North James,,0,david71@hotmail.com,,Male,0,,,0,Amanda Davis,0,,,1,,1,(030)466-8584x36571,,,HI,,,29181
183,,46,0,0,Port Jameschester,,0,timothykey@hotmail.com,,Male,0,,,0,Corey Meadows,1,,,0,,1,-1758,,,AZ,,,38868
184,,36,0,1,East Debraton,,0,zwoods@gallegos-flores.net,,Male,1,,,1,Laura Anderson,0,,,0,,0,912.576.0899,,,AR,,,47417
185,,21,1,0,Lake Jeffrey,,1,ronaldmarsh@gmail.com,,Male,0,,,0,Jessica Johnson,0,,,1,,0,+1-786-187-6511x4132,,,KY,,,1719
186,,42,1,1,North Allisonshire,,1,xlester@petersen.net,,Male,1,,,0,Taylor Hicks,1,,,0,,0,+1-184-871-4586x4497,,,SD,,,27404
187,,54,1,1,East Lauren,,0,ubrown@hernandez.com,,Male,0,,,0,Denise Mccarthy,1,,,1,,1,(298)642-5354x8463,,,WA,,,48580
188,,47,0,1,Debraland,,0,elizabethcarter@hotmail.com,,Male,0,,,0,David Lindsey,0,,,0,,1,902-270-9293,,,NJ,,,38284
189,,26,0,1,Tonyamouth,,1,mscott@bautista.info,,Male,0,,,0,Karen Patel,0,,,1,,0,(004)451-9883x852,,,CA,,,86549
190,,31,1,1,Valentineville,,0,carolinedavis@hotmail.com,,Female,1,,,0,David Rose,1,,,0,,0,001-906-585-5123x696,,,CO,,,77881
191,,25,0,1,South Dennis,,0,alicia32@hotmail.com,,Female,1,,,0,Lauren Foster,0,,,0,,1,(615)349-5198x370,,,NH,,,84588
192,,43,0,0,West Edward,,0,sherrilandry@lee.com,,Female,1,,,1,Christina Hale,1,,,1,,0,(343)324-4950x88866,,,WY,,,6162
193,,21,1,1,Alexanderland,,1,clee@hotmail.com,,Male,0,,,0,Keith Lawson,0,,,1,,1,2973673368,,,NC,,,95923
194,,55,0,0,East Joyce,,1,dereksanchez@hotmail.com,,Female,0,,,1,Veronica Mcneil,0,,,1,,0,001-916-350-9148x91158,,,IN,,,19754
195,,37,0,0,West Katherineview,,1,michaelmaddox@beard.info,,Male,1,,,0,Richard Henderson,1,,,1,,1,+1-993-992-2793x344,,,DE,,,28235
196,,49,1,0,West Kyle,,1,pdawson@yahoo.com,,Male,1,,,0,Lori Braun,0,,,1,,1,001-930-844-7016,,,OK,,,89937
197,,53,0,1,Melissaberg,,0,larry50@gmail.com,,Male,1,,,0,Brandon Logan,1,,,0,,1,930-745-0478x833,,,AR,,,4719
198,,64,1,0,Danielhaven,,1,oarmstrong@gmail.com,,Female,0,,,1,Becky Mccullough,0,,,0,,0,218-827-9310x97181,,,AL,,,33840
199,,47,1,1,Amystad,,1,robertshaw@hotmail.com,,Female,0,,,0,John Hunt,1,,,1,,1,001-234-758-1122x2225,,,NC,,,99237
200,,37,0,1,Port Melissaville,,1,pricetroy@rasmussen.com,,Female,0,,,1,Thomas Horton,1,,,0,,1,(437)648-7628x95864,,,HI,,,55330